Attendance,Internal Marks,Assignment,Study Hours,Previous CGPA,Performance
59,36,24,7,8.9,High
90,42,38,8,8.72,High
85,42,22,2,5.73,High
75,37,40,8,7.31,High
74,47,39,1,7.71,High
94,39,22,5,9.1,High
58,27,43,4,7.7,High
87,44,32,3,6.69,High
64,39,44,1,6.48,High
59,41,21,7,6.76,High
79,39,25,3,7.96,High
99,39,35,6,9.1,High
88,27,25,4,6.91,High
90,39,30,3,5.81,High
88,45,40,8,5.75,High
91,32,24,1,8.45,High
78,40,41,6,8.83,High
60,25,23,6,5.06,Medium
93,34,25,4,4.85,High
75,36,38,3,7.65,High
78,50,44,1,5.27,High
72,30,25,8,8.87,High
63,32,29,8,6.14,High
97,35,48,2,5.26,High
90,50,50,1,9.38,High
84,47,38,1,5.38,High
73,25,33,1,6.01,Medium
92,31,30,7,5.31,High
80,46,38,8,5.11,High
75,26,38,2,4.61,Medium
75,47,29,6,4.79,High
65,32,20,2,5.43,Medium
59,48,24,3,4.78,Medium
80,32,49,5,7.63,High
95,36,32,6,8.11,High
57,42,34,7,6.59,High
94,28,34,1,6.19,Medium
93,39,44,2,7.17,High
67,38,22,3,9.14,High
84,45,22,3,9.01,High
62,50,28,8,4.73,High
89,42,35,7,5.46,High
87,35,40,3,5.75,High
71,35,35,8,5.82,High
58,35,33,4,7.53,High
99,46,49,5,6.71,High
75,33,24,4,4.76,Medium
96,29,37,2,6.48,High
86,33,36,8,7.28,High
90,25,34,1,5.04,Medium
89,27,45,2,8.92,High
63,27,28,2,4.78,Medium
71,45,49,3,9.4,High
76,43,30,2,5.03,High
77,43,36,1,8.97,High
57,37,36,6,9.28,High
80,43,46,8,9.69,High
62,29,33,1,8.75,Medium
89,48,28,3,8.63,High
86,38,20,5,7.91,High
97,49,31,8,8.63,High
89,28,45,6,5.21,High
71,37,20,7,7.34,High
99,43,47,5,7.23,High
73,37,36,4,9.05,High
69,36,24,2,6.95,Medium
96,29,29,7,6.54,High
72,34,37,7,7.89,High
58,31,29,1,5.91,Medium
76,32,23,6,5.24,High
91,42,40,1,7.03,High
63,41,40,6,6.71,High
76,40,23,7,5.73,High
60,34,28,2,6.45,Medium
86,49,27,4,6.44,High
76,27,40,1,6.24,Medium
70,33,42,5,6.51,High
65,28,42,8,8.13,High
80,33,49,1,6.07,High
85,50,43,4,9.53,High
98,34,29,8,9.36,High
75,48,23,3,7.05,High
62,37,39,2,6.24,Medium
93,43,48,4,7.34,High
83,36,50,5,9.0,High
87,31,27,6,7.96,High
59,44,27,3,8.76,High
69,50,21,8,7.32,High
90,31,24,5,7.85,High
93,45,37,3,6.03,High
75,31,36,8,8.39,High
92,43,31,8,5.57,High
93,45,29,4,8.18,High
72,36,45,1,9.06,High
96,44,34,5,5.2,High
68,32,45,5,7.76,High
66,27,49,2,5.0,Medium
86,27,29,6,8.35,High
84,36,26,7,4.95,High
61,48,49,1,9.46,High
93,28,39,6,5.23,High
64,36,29,2,9.58,High
92,43,39,6,8.74,High
55,30,35,4,7.65,Medium
91,43,48,1,8.65,High
91,32,27,8,8.71,High
90,46,50,2,9.51,High
85,40,49,5,5.84,High
76,39,25,2,7.63,High
87,29,25,8,5.0,High
67,37,36,6,7.77,High
90,47,21,7,5.41,High
80,25,29,4,7.49,High
76,44,33,4,7.53,High
78,37,50,6,6.97,High
81,43,50,7,7.27,High
56,42,24,7,8.55,High
61,36,47,1,8.74,High
66,33,22,6,7.11,High
60,41,43,1,7.68,High
